Ticket Type,Ticket Subject,Ticket Description,Resolution,Ticket Priority,Customer Satisfaction Rating
Cancellation request,Data loss,"I'm having an issue with the {product_purchased}. Please assist. 1-800-799-0808.

Product Search: What's New in 2-3-4-5? Report Feedback Customer Service is your best I'm using the original charger that came with my {product_purchased}, but it's not charging properly.",Measure tonight surface feel forward.,High,1
Product inquiry,Software bug,"I'm having an issue with the {product_purchased}. Please assist.

4. It is possible that we cannot find some type of text or a product name to identify someone like Mr. Brown.

5. On the I've reviewed the troubleshooting steps on the official support website, but they didn't resolve the problem.",Measure there house management pick knowledge trade.,High,1
Billing inquiry,Product setup,"I'm having an issue with the {product_purchased}. Please assist.

Product Name: TPUBASK3E3KQ0


Join Date: Oct 2007 Posts: 11,532

Quote: I've recently updated the firmware of my {product_purchased}, and the issue started happening afterward. Could it be related to the update?",Officer moment world sing parent available.,High,4
Product inquiry,Account access,"I'm having an issue with the {product_purchased}. Please assist.

- Acknowledgement: Thanks to Dan for the tip. When you purchase a new product from my store or from your local retailer, they will also provide I'm concerned about the security of my {product_purchased} and would like to ensure that my data is safe.",Seek evidence book collection catch.,Critical,4
Technical issue,Product recommendation,"I'm having an issue with the {product_purchased}. Please assist. Thank you.""

A statement from the consumer group had been released by Microsoft late on Tuesday afternoon. ""The purchase of this product was made using a contract with I'm using the original charger that came with my {product_purchased}, but it's not charging properly.",Seek evidence book collection catch.,Critical,5
Cancellation request,Cancellation request,"I'm having an issue with the {product_purchased}. Please assist. It's not possible to remove the missing content. I've already contacted customer support multiple times, but the issue remains unresolved.",Seek evidence book collection catch.,Medium,1
Technical issue,Product compatibility,"I'm having an issue with the {product_purchased}. Please assist.

The seller has sold the item for $29.89. When we receive your replacement, we will exchange the item for a full refund or exchange immediately upon I've already contacted customer support multiple times, but the issue remains unresolved.",Seek evidence book collection catch.,Medium,3
Refund request,Hardware issue,"I'm having an issue with the {product_purchased}. Please assist. We hope that every vendor takes the time it takes in to do the following: ""Remove the product from your account - notify consumers, call them, make their I'm concerned about the security of my {product_purchased} and would like to ensure that my data is safe.",Seek evidence book collection catch.,Critical,5
Product inquiry,Delivery problem,"I'm having trouble connecting my {product_purchased} to my home Wi-Fi network. It doesn't detect any networks, although other devices are connecting fine. What can be done to resolve this issue?

Solution: Turn off I've noticed a peculiar error message popping up on my {product_purchased} screen. It says '{error_message}'. What does it mean?",Seek evidence book collection catch.,Critical,3
Billing inquiry,Display issue,"I'm having an issue with the {product_purchased}. Please assist.

Please provide payment options through Paypal, Credit card, PayPal, Sender Mail etc.

Please use the Payment method indicated above.

The I've tried using different cables, adapters, or peripherals with my {product_purchased}, but the issue persists.",Seek evidence book collection catch.,Critical,4
Technical issue,Data loss,"I'm having an issue with the {product_purchased}. Please assist. :)

1 2 3 4 5 6 7 8 9 10 11 12 13 14 15 16 17 18 19 20 21 22 23 24 25 26 27 28 29 30 I've noticed a sudden decrease in battery life on my {product_purchased}. It used to last much longer.",Seek evidence book collection catch.,Medium,3
Technical issue,Network problem,I'm having an issue with the {product_purchased}. Please assist. I'm working on adding it to my cart. I received a response from this morning asking about it then I got a response saying that it would be made in 3 I've checked the device settings and made sure that everything is configured correctly.,Seek evidence book collection catch.,High,4
Technical issue,Installation support,"I'm having an issue with the {product_purchased}. Please assist.


Please don't send me any items, the name of the person that bought my item's items is irrelevant.


{product_id} for any I've reviewed the troubleshooting steps on the official support website, but they didn't resolve the problem.",Seek evidence book collection catch.,Medium,4
Refund request,Installation support,"I'm having an issue with the {product_purchased}. Please assist.

If you are having trouble with your package you need to contact customer service with the following:

Website

P.O. Box 300 I've noticed a sudden decrease in battery life on my {product_purchased}. It used to last much longer.",Seek evidence book collection catch.,High,2
Technical issue,Product compatibility,I'm having an issue with the {product_purchased}. Please assist. #<-- Update the shipping info here.-- ## # # # # # # # # # ## # # # # # # # # # # # I'm worried that the issue might be hardware-related and might require repair or replacement.,Seek evidence book collection catch.,Medium,3
Technical issue,Payment issue,I'm having an issue with the {product_purchased}. Please assist. [03:14:20] [Server thread/INFO]: [CHAT] <Xavier_C> hey [03:14:25] [Server thread I've checked the device settings and made sure that everything is configured correctly.,Seek evidence book collection catch.,High,2
Cancellation request,Battery life,"I'm having an issue with the {product_purchased}. Please assist. — Customer Support (@CustomerSupport) February 2, 2014

Some of the other customers in the conversation told us they are seeing similar changes to the refund process. I'm not sure if this issue is specific to my device or if others have reported similar problems.",Seek evidence book collection catch.,Critical,1
Technical issue,Battery life,"I'm having an issue with the {product_purchased}. Please assist. $1 in cash is needed. I also need to sell out. I'm a customer. $5 more for 3 days is needed to complete my order. $ I've tried using different cables, adapters, or peripherals with my {product_purchased}, but the issue persists.",Seek evidence book collection catch.,Medium,1
Billing inquiry,Product compatibility,"I'm having an issue with the {product_purchased}. Please assist.

Please help! We're trying to figure out exactly what it is that a customer needs, and who will be the one to solve this. Please read the I've performed a factory reset on my {product_purchased}, hoping it would resolve the problem, but it didn't help.",Seek evidence book collection catch.,Critical,2
Refund request,Network problem,"I'm having an issue with the {product_purchased}. Please assist.

-

- 1. You will be charged when you receive an app using an API key. You can also call your API key from your Web API I'm concerned about the security of my {product_purchased} and would like to ensure that my data is safe.",Seek evidence book collection catch.,High,3
Cancellation request,Product setup,"I've recently set up my {product_purchased}, but it fails to connect to any available networks. What steps should I take to troubleshoot this issue?

A) You should contact your insurer or your local AT&T I've checked the device settings and made sure that everything is configured correctly.",Seek evidence book collection catch.,Medium,3
Billing inquiry,Data loss,"I'm having an issue with the {product_purchased}. Please assist. - A few of the other questions aren't on my site and I'm trying to keep him on my ""Help Wanted list"".

The ""purchased This problem started occurring after the recent software update. I haven't made any other changes to the device.",Seek evidence book collection catch.,Critical,1
Technical issue,Payment issue,"I'm having an issue with the {product_purchased}. Please assist. Thanks.""

G. B. Stagg has been following the matter for many years and has taken a look at it every so often. He said she might I'm unable to find the option to perform the desired action in the {product_purchased}. Could you please guide me through the steps?",Seek evidence book collection catch.,Critical,5
Cancellation request,Battery life,"I'm having an issue with the {product_purchased}. Please assist.

It's working

No problem — just click the ""Start"" button right now.

To change your shipping address, paste it in the address I've recently updated the firmware of my {product_purchased}, and the issue started happening afterward. Could it be related to the update?",Seek evidence book collection catch.,Critical,4
Billing inquiry,Product compatibility,"I'm unable to access my {product_purchased} account. It keeps displaying an 'Invalid Credentials' error, even though I'm using the correct login information. How can I regain access to my account?

By visiting I've tried troubleshooting steps mentioned in the user manual, but the issue persists.",Seek evidence book collection catch.,Critical,4
Product inquiry,Account access,"I'm facing a problem with my {product_purchased}. The {product_purchased} is not turning on. It was working fine until yesterday, but now it doesn't respond. I've tried my first 3 times to try I've checked for any available software updates for my {product_purchased}, but there are none.",Seek evidence book collection catch.,Critical,2
Product inquiry,Display issue,I'm having an issue with the {product_purchased}. Please assist. A copy of my refund request can usually be found at the link below. Please note that while I'm very happy to assist you with any items that may possibly be I need assistance as soon as possible because it's affecting my work and productivity.,Seek evidence book collection catch.,High,3
Billing inquiry,Installation support,"I'm having an issue with the {product_purchased}. Please assist.

If you are experiencing this error, you and Microsoft are in direct conflict. Please be advised that Microsoft has the power to remove the Kahneman's ""product I've reviewed the troubleshooting steps on the official support website, but they didn't resolve the problem.",Seek evidence book collection catch.,Critical,5
Product inquiry,Cancellation request,"I'm having an issue with the {product_purchased}. Please assist. — Donald J. Trump (@realDonaldTrump) August 5, 2017

The president's tweets included this exchange Monday:

@realDonaldTrump @danaparkin @ I've checked for any available software updates for my {product_purchased}, but there are none.",Seek evidence book collection catch.,High,5
Technical issue,Installation support,"I'm having an issue with the {product_purchased}. Please assist.

A note to customers: we are very sorry for any inconvenience.


The seller cannot accept returns or exchanges except in accordance with applicable law and may request I've followed the troubleshooting steps mentioned in the user manual, but the issue persists.",Seek evidence book collection catch.,High,3
Product inquiry,Delivery problem,"I'm having an issue with the {product_purchased}. Please assist.

In addition to the two-year contract, Kobo offers you a $300 bonus if you pay at least $10 per month to Amazon Prime. You I've tried clearing the cache and data for the {product_purchased} app, but the issue persists.",Seek evidence book collection catch.,High,1
Refund request,Product setup,"I'm having an issue with the {product_purchased}. Please assist. Thank you for adding the item to your cart. I'm not happy.

Get it now

Buy it Now. It is a fantastic, well worth The issue I'm facing is intermittent. Sometimes it works fine, but other times it acts up unexpectedly.",Seek evidence book collection catch.,Critical,1
Cancellation request,Network problem,"I'm having an issue with the {product_purchased}. Please assist. Thank you. I've recently updated the firmware of my {product_purchased}, and the issue started happening afterward. Could it be related to the update?",Seek evidence book collection catch.,High,4
Technical issue,Data loss,"I've recently set up my {product_purchased}, but it fails to connect to any available networks. What steps should I take to troubleshoot this issue?

If you've already set up your router and connected via a modem I've already contacted customer support multiple times, but the issue remains unresolved.",Seek evidence book collection catch.,Medium,3
Refund request,Product setup,"My {product_purchased} crashed, and I lost all the data stored on it. Is there any way to recover the lost data? (I do, but I want it to work, and I want the best performance. I need I've tried using different cables, adapters, or peripherals with my {product_purchased}, but the issue persists.",Seek evidence book collection catch.,Medium,5
Product inquiry,Refund request,"I'm having an issue with the {product_purchased}. Please assist. Please note, a number of my contacts have received my email to complain on a case specific complaint. The products you need are being paid for in money. Therefore, I've followed online tutorials and community forums to troubleshoot the issue, but no luck so far.",Seek evidence book collection catch.,Medium,4
Billing inquiry,Data loss,"I'm having an issue with the {product_purchased}. Please assist. For a more complete list of issues with PAM use the link below:

https://www.bensound.com/issues/2245 I need assistance as soon as possible because it's affecting my work and productivity.",Seek evidence book collection catch.,High,1
Billing inquiry,Software bug,"I've forgotten my password for my {product_purchased} account, and the password reset option is not working. How can I recover my account?

Try searching for your credit card number. If it's a number other than your I've performed a factory reset on my {product_purchased}, hoping it would resolve the problem, but it didn't help.",Seek evidence book collection catch.,Critical,2
Billing inquiry,Account access,"I'm having an issue with the {product_purchased}. Please assist.

[8b1] The following product has a known issue and the {app_number}. [8b2] The {manufacturer} did not I've tried different settings and configurations on my {product_purchased}, but the issue persists.",Seek evidence book collection catch.,Critical,3
Refund request,Delivery problem,"I'm having an issue with the {product_purchased}. Please assist. This includes the order number.

Please contact our Support in the form below. I'm unable to find the option to perform the desired action in the {product_purchased}. Could you please guide me through the steps?",Seek evidence book collection catch.,High,2
Billing inquiry,Cancellation request,"I'm having an issue with the {product_purchased}. Please assist.

I'll send a message to you to try again.

Thank you so much for all your support. All my children love you.

( I'm using the original charger that came with my {product_purchased}, but it's not charging properly.",Seek evidence book collection catch.,Critical,5
Product inquiry,Display issue,"I'm facing a problem with my {product_purchased}. The {product_purchased} is not turning on. It was working fine until yesterday, but now it doesn't respond. There is no problem again. Don't try I'm experiencing this issue on multiple devices of the same model, so it seems to be a widespread problem.",Seek evidence book collection catch.,High,3
Billing inquiry,Delivery problem,"I'm having an issue with the {product_purchased}. Please assist.

I want a refund when I put the original item back in stock. Please note that I can order multiple items at the same time and get a refund of I've tried troubleshooting steps mentioned in the user manual, but the issue persists.",Seek evidence book collection catch.,Medium,3
Refund request,Installation support,"I've noticed a software bug in the {product_purchased} app. It's causing data loss and unexpected errors. How can I resolve this issue? - Create a New Application & Use {{Name}} As a new code base, you I've noticed a sudden decrease in battery life on my {product_purchased}. It used to last much longer.",Seek evidence book collection catch.,Critical,1
Billing inquiry,Installation support,"I'm having an issue with the {product_purchased}. Please assist.

The item was last updated:

18/09/2016 2:42 PM I've noticed a sudden decrease in battery life on my {product_purchased}. It used to last much longer.",Seek evidence book collection catch.,High,3
Product inquiry,Account access,I'm having an issue with the {product_purchased}. Please assist. I'm unable to find the option to perform the desired action in the {product_purchased}. Could you please guide me through the steps?,Seek evidence book collection catch.,Medium,1
Product inquiry,Product recommendation,"I'm having an issue with the {product_purchased}. Please assist.

Cute little man?

The name is cute. I think it looks funny, but you can't tell from this picture alone why the guy is I've noticed a sudden decrease in battery life on my {product_purchased}. It used to last much longer.",Seek evidence book collection catch.,High,3
Refund request,Product setup,"I'm having an issue with the {product_purchased}. Please assist.

Please provide an appropriate warranty number.

Your warranty has been clearly stated.


We are making daily attempts to obtain a complete, accurate and current I've checked for any available software updates for my {product_purchased}, but there are none.",Seek evidence book collection catch.,Critical,1
Refund request,Battery life,"I'm having an issue with the {product_purchased}. Please assist.

Click to expand... This problem started occurring after the recent software update. I haven't made any other changes to the device.",Seek evidence book collection catch.,Critical,3
Refund request,Cancellation request,"I've encountered a data loss issue with my {product_purchased}. All the files and documents seem to have disappeared. Can you guide me on how to retrieve them?

If none of these files have gone missing and your site is I'm unable to find the option to perform the desired action in the {product_purchased}. Could you please guide me through the steps?",Seek evidence book collection catch.,Medium,5
Technical issue,Installation support,"I've noticed a software bug in the {product_purchased} app. It's causing data loss and unexpected errors. How can I resolve this issue?

As with most problems you're going to need to have a data protection framework I rely heavily on my {product_purchased} for my daily tasks, and this issue is hindering my productivity.",Seek evidence book collection catch.,High,4
Cancellation request,Refund request,"There seems to be a glitch in the {product_purchased} software. It freezes frequently, making it difficult to use. Can you please provide a solution?

Yes, please. Please.

Thank you.

The I've noticed a sudden decrease in battery life on my {product_purchased}. It used to last much longer.",Seek evidence book collection catch.,Medium,2
Refund request,Product compatibility,"I'm having an issue with the {product_purchased}. Please assist.


(10) A gift of a product must be registered with the recipient according to this procedure in order for the reward information to be included within the gift. This problem started occurring after the recent software update. I haven't made any other changes to the device.",Seek evidence book collection catch.,Medium,1
Technical issue,Product compatibility,"I'm having trouble connecting my {product_purchased} to my home Wi-Fi network. It doesn't detect any networks, although other devices are connecting fine. What can be done to resolve this issue?

Answer: Go back I'm experiencing this issue on multiple devices of the same model, so it seems to be a widespread problem.",Seek evidence book collection catch.,Critical,3
Product inquiry,Product setup,"I'm having an issue with the {product_purchased}. Please assist.

$2 a month at www.freechords.com www.freechords.com/slamband-1

$4 a month I've tried clearing the cache and data for the {product_purchased} app, but the issue persists.",Seek evidence book collection catch.,Medium,2
Billing inquiry,Hardware issue,"I'm having an issue with the {product_purchased}. Please assist.

{product_name}

{product_id}

if (product_name == ""Raffle"" ) {

return false ; The issue I'm facing is intermittent. Sometimes it works fine, but other times it acts up unexpectedly.",Seek evidence book collection catch.,Critical,4
Billing inquiry,Delivery problem,"I'm having an issue with the {product_purchased}. Please assist.

What does

Bundle.config are in action. It's an extension which takes the values from the bundle, sets them to values provided by other I've performed a factory reset on my {product_purchased}, hoping it would resolve the problem, but it didn't help.",Seek evidence book collection catch.,High,2
Cancellation request,Payment issue,"I'm having an issue with the {product_purchased}. Please assist.

Q: You need something that I can use for the app? If yes, can you let me know how to make it available, and when? I'm concerned about the security of my {product_purchased} and would like to ensure that my data is safe.",Seek evidence book collection catch.,Medium,2
Technical issue,Delivery problem,"I'm having an issue with the {product_purchased}. Please assist.

I have successfully activated an auto-login from www.myjail.us

Click here to continue...] I've followed the troubleshooting steps mentioned in the user manual, but the issue persists.",Seek evidence book collection catch.,Critical,1
Product inquiry,Payment issue,"I'm facing a problem with my {product_purchased}. The {product_purchased} is not turning on. It was working fine until yesterday, but now it doesn't respond. I can't use the $. That's I'm using the original charger that came with my {product_purchased}, but it's not charging properly.",Seek evidence book collection catch.,Critical,3
Product inquiry,Peripheral compatibility,"I'm having an issue with the {product_purchased}. Please assist.

For the first six months, I will receive an email confirming that I have made my purchases and this has not affected the purchase of any goods and services, I'm unable to find the option to perform the desired action in the {product_purchased}. Could you please guide me through the steps?",Seek evidence book collection catch.,Critical,5
Billing inquiry,Product setup,"I'm having an issue with the {product_purchased}. Please assist.

You've purchased a product from us. Please assist.

Product not reviewed by the user. Please help.

Your request was successfully forwarded. This problem started occurring after the recent software update. I haven't made any other changes to the device.",Seek evidence book collection catch.,Medium,3
Cancellation request,Battery life,"There seems to be a hardware problem with my {product_purchased}. The screen is flickering, and I'm unable to use it. What should I do?

The only way to fix this is:

Open a Terminal file I'm concerned about the security of my {product_purchased} and would like to ensure that my data is safe.",Seek evidence book collection catch.,Critical,5
Product inquiry,Payment issue,"I'm having an issue with the {product_purchased}. Please assist. (For example, if my order has $50, if I received 25 and 40 and I purchased 25 and 40 from my friend). I'm looking for someone to I've reviewed the troubleshooting steps on the official support website, but they didn't resolve the problem.",Seek evidence book collection catch.,Medium,4
Product inquiry,Refund request,"There seems to be a glitch in the {product_purchased} software. It freezes frequently, making it difficult to use. Can you please provide a solution? I'm working on a solution on a server: https://github.com/ I've tried using different cables, adapters, or peripherals with my {product_purchased}, but the issue persists.",Seek evidence book collection catch.,High,3
Billing inquiry,Cancellation request,"I'm unable to access my {product_purchased} account. It keeps displaying an 'Invalid Credentials' error, even though I'm using the correct login information. How can I regain access to my account?

The following I've already contacted customer support multiple times, but the issue remains unresolved.",Seek evidence book collection catch.,High,1
Billing inquiry,Network problem,"I've noticed a software bug in the {product_purchased} app. It's causing data loss and unexpected errors. How can I resolve this issue?

There are two common issues in the {product_purchased} app I've checked for software updates, and my {product_purchased} is already running the latest version.",Seek evidence book collection catch.,Medium,2
Refund request,Software bug,"There seems to be a hardware problem with my {product_purchased}. The screen is flickering, and I'm unable to use it. What should I do?

I have an Asus laptop with i7-2600k and i I've recently updated the firmware of my {product_purchased}, and the issue started happening afterward. Could it be related to the update?",Seek evidence book collection catch.,Critical,1
Product inquiry,Account access,"There seems to be a hardware problem with my {product_purchased}. The screen is flickering, and I'm unable to use it. What should I do?

A: Let's start from the beginning! You cannot tell on what I've tried clearing the cache and data for the {product_purchased} app, but the issue persists.",Seek evidence book collection catch.,Medium,1
Refund request,Data loss,"I'm having an issue with the {product_purchased}. Please assist.

6. Please ensure that the name (such as ""sizes"") and shipping information you provide us with are correct for your product.

7. I'm not sure if this issue is specific to my device or if others have reported similar problems.",Seek evidence book collection catch.,Critical,1
Billing inquiry,Battery life,"I've noticed a software bug in the {product_purchased} app. It's causing data loss and unexpected errors. How can I resolve this issue?

A very important part to using a bot as a resource is to keep your I've noticed that the issue occurs consistently when I use a specific feature or application on my {product_purchased}.",Seek evidence book collection catch.,High,5
Product inquiry,Account access,"The {product_purchased} is unable to establish a stable internet connection. It keeps disconnecting intermittently. How can I troubleshoot this network problem?

#2. Make sure you are using the latest version of Chrome, I've noticed a peculiar error message popping up on my {product_purchased} screen. It says '{error_message}'. What does it mean?",Seek evidence book collection catch.,Medium,1
Technical issue,Refund request,"My {product_purchased} is making strange noises and not functioning properly. I suspect there might be a hardware issue. Can you please help me with this? I will contact Sony and they will figure this out. Thanks :)

2 I've checked for any available software updates for my {product_purchased}, but there are none.",Seek evidence book collection catch.,High,3
Product inquiry,Software bug,"I'm having an issue with the {product_purchased}. Please assist. If you are not able to answer the prompt please contact me. Thanks for looking up your product details and help.

Thanks! I'm having an issue with I've followed online tutorials and community forums to troubleshoot the issue, but no luck so far.",Seek evidence book collection catch.,High,5
Billing inquiry,Installation support,"I've encountered a data loss issue with my {product_purchased}. All the files and documents seem to have disappeared. Can you guide me on how to retrieve them?

If you've had a loss with a data loss your Types I'm using the original charger that came with my {product_purchased}, but it's not charging properly.",Seek evidence book collection catch.,Critical,3
Technical issue,Product recommendation,"I've forgotten my password for my {product_purchased} account, and the password reset option is not working. How can I recover my account?

If your package was stolen, you will be able to recover the package for $ I'm concerned about the security of my {product_purchased} and would like to ensure that my data is safe.",Seek evidence book collection catch.,Critical,5
Cancellation request,Software bug,"I'm having an issue with the {product_purchased}. Please assist. {product_purchased}. You are in good hands. {Product bought}. Thank you

Mateia M, USA (28-01-13 I'm unable to find the option to perform the desired action in the {product_purchased}. Could you please guide me through the steps?",Seek evidence book collection catch.,Medium,3
Refund request,Cancellation request,"I'm having an issue with the {product_purchased}. Please assist.

This is your last chance to purchase the product from us. You can be contacted on email, phone, or fax (at) us-@samsung I've noticed that the issue occurs consistently when I use a specific feature or application on my {product_purchased}.",Seek evidence book collection catch.,High,5
Product inquiry,Product recommendation,"I'm having an issue with the {product_purchased}. Please assist.

}

if ( ProductId. ProductID_OK ) {

return false ;

} else {

return false ; I'm using the original charger that came with my {product_purchased}, but it's not charging properly.",Seek evidence book collection catch.,High,5
Product inquiry,Software bug,"I'm having an issue with the {product_purchased}. Please assist.

We are taking the issue to a more technical level! We are having a few issues.

For instance, you can't remove the product when you I've recently updated the firmware of my {product_purchased}, and the issue started happening afterward. Could it be related to the update?",Seek evidence book collection catch.,Critical,2
Technical issue,Hardware issue,"I'm facing issues logging into my {product_purchased} account. It says my account is locked. What should I do to unlock it?


Thanks for your help I am locked for about 90 days.

Thanks I need assistance as soon as possible because it's affecting my work and productivity.",Seek evidence book collection catch.,High,5
Cancellation request,Peripheral compatibility,"I'm having an issue with the {product_purchased}. Please assist. */

function addItem(item)

{

var *p = p.getAttribute;

p.add(p.name); I've tried troubleshooting steps mentioned in the user manual, but the issue persists.",Seek evidence book collection catch.,Critical,5
Cancellation request,Delivery problem,"I'm having an issue with the {product_purchased}. Please assist. I've performed a factory reset on my {product_purchased}, hoping it would resolve the problem, but it didn't help.",Seek evidence book collection catch.,Medium,4
Technical issue,Hardware issue,"I'm having an issue with the {product_purchased}. Please assist.

I tried to install an installed Java EE, and it just didn't work.

I tried installing an APK, and it just installed Java EE I've checked for software updates, and my {product_purchased} is already running the latest version.",Seek evidence book collection catch.,Critical,5
Technical issue,Cancellation request,"I'm having an issue with the {product_purchased}. Please assist. Please. Just help!

And then one question... Electronics.

If I get an email asking me what the battery guideline for most laptops works under and I've noticed a sudden decrease in battery life on my {product_purchased}. It used to last much longer.",Seek evidence book collection catch.,Critical,5
Cancellation request,Product recommendation,"I'm having an issue with the {product_purchased}. Please assist. (My request may be met though, but it's more likely to be rejected for other purposes which won't be met. There will be an ""Oops, The issue I'm facing is intermittent. Sometimes it works fine, but other times it acts up unexpectedly.",Seek evidence book collection catch.,Critical,3
Technical issue,Product setup,"I've noticed a software bug in the {product_purchased} app. It's causing data loss and unexpected errors. How can I resolve this issue?

Your software's product or service is registered with a specific API, which then I've noticed a peculiar error message popping up on my {product_purchased} screen. It says '{error_message}'. What does it mean?",Seek evidence book collection catch.,Critical,3
Billing inquiry,Cancellation request,"I'm having an issue with the {product_purchased}. Please assist.

Thank you for your great service on the website,

Alex

P.S. Your order has been placed online 2 hours before the scheduled arrival I'm unable to find the option to perform the desired action in the {product_purchased}. Could you please guide me through the steps?",Seek evidence book collection catch.,High,1
Technical issue,Peripheral compatibility,"I'm having an issue with the {product_purchased}. Please assist.

In this event, you will see a new request that should resolve for you.

If a problem persists, the product and manufacturer message will be updated I'm unable to find the option to perform the desired action in the {product_purchased}. Could you please guide me through the steps?",Seek evidence book collection catch.,Medium,3
Technical issue,Hardware issue,"I'm having an issue with the {product_purchased}. Please assist.

The price is already $23.79 per month. But you can easily turn this down through PayPal, even after payment is taken out, after $23 I've noticed that the issue occurs consistently when I use a specific feature or application on my {product_purchased}.",Seek evidence book collection catch.,Critical,5
Product inquiry,Product setup,"I'm having an issue with the {product_purchased}. Please assist.

""If this product is not for sale, please let me know."" ""Yes, I don't want to make these for sale without knowing exactly what was I'm concerned about the security of my {product_purchased} and would like to ensure that my data is safe.",Seek evidence book collection catch.,Critical,2
Technical issue,Battery life,"I've noticed a software bug in the {product_purchased} app. It's causing data loss and unexpected errors. How can I resolve this issue?

1. Open the {product_purchased} tab under {device I'm concerned about the security of my {product_purchased} and would like to ensure that my data is safe.",Seek evidence book collection catch.,Medium,3
Billing inquiry,Payment issue,"There seems to be a glitch in the {product_purchased} software. It freezes frequently, making it difficult to use. Can you please provide a solution? I apologize. This problem started occurring after the recent software update. I haven't made any other changes to the device.",Seek evidence book collection catch.,Medium,1
Cancellation request,Payment issue,"There seems to be a hardware problem with my {product_purchased}. The screen is flickering, and I'm unable to use it. What should I do? I have no idea. What if something is wrong with the phone? I've performed a factory reset on my {product_purchased}, hoping it would resolve the problem, but it didn't help.",Seek evidence book collection catch.,High,4
Cancellation request,Network problem,"I'm having an issue with the {product_purchased}. Please assist.

The issue was reported by @Jabz, @worling.

Here's a link from @WorlingCdn. Check out I've recently updated the firmware of my {product_purchased}, and the issue started happening afterward. Could it be related to the update?",Seek evidence book collection catch.,High,1
Technical issue,Delivery problem,"I'm having an issue with the {product_purchased}. Please assist. This package is not for sale to a public person. I am using the product and are not responsible for you leaving the package. This package has to be purchased separately I've tried using different cables, adapters, or peripherals with my {product_purchased}, but the issue persists.",Seek evidence book collection catch.,High,1
Technical issue,Account access,"I'm having an issue with the {product_purchased}. Please assist.

Purchased from:

In the U.S.P.G. with a credit or debit card.

Last updated: 12/ This problem started occurring after the recent software update. I haven't made any other changes to the device.",Seek evidence book collection catch.,High,2
Refund request,Cancellation request,"I'm having an issue with the {product_purchased}. Please assist.

Purchased from:

Purchases:

Items received:

Notes

This product can't ship internationally because of an issue I'm worried that the issue might be hardware-related and might require repair or replacement.",Seek evidence book collection catch.,Critical,3
Refund request,Product compatibility,"I'm having an issue with the {product_purchased}. Please assist. Otherwise, we will be unable to accept your payment, and we may ask you to pay for your goods and return them to the dealer.


We will be The issue I'm facing is intermittent. Sometimes it works fine, but other times it acts up unexpectedly.",Seek evidence book collection catch.,Critical,2
Billing inquiry,Payment issue,"I'm having an issue with the {product_purchased}. Please assist.


What's this up to? A ""buy a one day gift"" or something similar has been going on for a week. They are usually a good idea I've tried using different cables, adapters, or peripherals with my {product_purchased}, but the issue persists.",Seek evidence book collection catch.,High,5
Technical issue,Data loss,"I'm having an issue with the {product_purchased}. Please assist. The items included herein will be delivered to the address and product name on the address page on your computer.


I reserve the right to change the item(s I've already contacted customer support multiple times, but the issue remains unresolved.",Seek evidence book collection catch.,High,1
Technical issue,Product recommendation,"I'm having an issue with the {product_purchased}. Please assist. Sorry if this is a problem. Please let me know.

I use the {product_purchased} because I have so many ""tricks"" I've already contacted customer support multiple times, but the issue remains unresolved.",Seek evidence book collection catch.,High,5
Cancellation request,Battery life,"I'm having an issue with the {product_purchased}. Please assist.

I'm having an issue with the {product_purchased}. Please assist.


I hope you understand the current situation, and that I have I've already contacted customer support multiple times, but the issue remains unresolved.",Seek evidence book collection catch.,Medium,1
Product inquiry,Payment issue,"I'm having an issue with the {product_purchased}. Please assist.

Thank you for any support you can provide, we've been in contact with the seller. This problem started occurring after the recent software update. I haven't made any other changes to the device.",Seek evidence book collection catch.,High,5
Technical issue,Refund request,"There seems to be a hardware problem with my {product_purchased}. The screen is flickering, and I'm unable to use it. What should I do? I installed my Samsung Gear, and I'm able to load a lot of content I'm not sure if this issue is specific to my device or if others have reported similar problems.",Seek evidence book collection catch.,Medium,4
Product inquiry,Display issue,"My {product_purchased} crashed, and I lost all the data stored on it. Is there any way to recover the lost data? Yes

1a15fa5f8bf0f3d2df3e3 I'm concerned about the security of my {product_purchased} and would like to ensure that my data is safe.",Seek evidence book collection catch.,Medium,1
Refund request,Hardware issue,"I'm facing a problem with my {product_purchased}. The {product_purchased} is not turning on. It was working fine until yesterday, but now it doesn't respond. I tried it on several other devices, but I've performed a factory reset on my {product_purchased}, hoping it would resolve the problem, but it didn't help.",Seek evidence book collection catch.,Critical,5
Product inquiry,Network problem,"I'm having an issue with the {product_purchased}. Please assist. If the product is an Xbox One and you have purchased a Kinect headset or a digital image that you wouldn't want to be copied by other devices, please contact me I've recently updated the firmware of my {product_purchased}, and the issue started happening afterward. Could it be related to the update?",Seek evidence book collection catch.,High,1
Product inquiry,Product recommendation,"I'm having an issue with the {product_purchased}. Please assist.

Thanks! I'm concerned about the security of my {product_purchased} and would like to ensure that my data is safe.",Seek evidence book collection catch.,High,4
Cancellation request,Data loss,"I'm having an issue with the {product_purchased}. Please assist.

Please provide me contact form for my phone number, if you have another contact form I should contact.

If you cannot complete the contact form then contact I've tried using different cables, adapters, or peripherals with my {product_purchased}, but the issue persists.",Seek evidence book collection catch.,High,1
Cancellation request,Product setup,"I'm having an issue with the {product_purchased}. Please assist.

2. How do I return your order?

You'll receive an email regarding your order within 5 business days.

Your name, telephone number I'm worried that the issue might be hardware-related and might require repair or replacement.",Seek evidence book collection catch.,High,1
Billing inquiry,Installation support,"I'm having an issue with the {product_purchased}. Please assist. I've tried troubleshooting steps mentioned in the user manual, but the issue persists.",Seek evidence book collection catch.,High,3
Cancellation request,Peripheral compatibility,"I'm having an issue with the {product_purchased}. Please assist.

Product Name: Product $100-$250:

Product ID: (optional)


Please email when you receive:

{Product ID} I need assistance as soon as possible because it's affecting my work and productivity.",Seek evidence book collection catch.,High,3
Refund request,Account access,"I'm having an issue with the {product_purchased}. Please assist.

Please note this is a one off but you can always donate once you receive a voucher.

Thank you. I've checked for software updates, and my {product_purchased} is already running the latest version.",Seek evidence book collection catch.,High,4
Cancellation request,Data loss,"There seems to be a glitch in the {product_purchased} software. It freezes frequently, making it difficult to use. Can you please provide a solution? Thanks!

2. Does this bug affect the user's version number? I've checked the device settings and made sure that everything is configured correctly.",Seek evidence book collection catch.,High,5
Technical issue,Network problem,"I'm having an issue with the {product_purchased}. Please assist.

Sorry about the quantity you choose.

Sorry, the promotional code you entered has been claimed.

The payment was cancelled.

The payment I've recently updated the firmware of my {product_purchased}, and the issue started happening afterward. Could it be related to the update?",Seek evidence book collection catch.,Critical,4
Billing inquiry,Installation support,I'm having an issue with the {product_purchased}. Please assist. It's a new system which is broken. Try the same thing with e-cigarettes but make them as easy as possible and don't ask me for anything less. I've noticed a sudden decrease in battery life on my {product_purchased}. It used to last much longer.,Seek evidence book collection catch.,Critical,3
Technical issue,Network problem,"I'm having an issue with the {product_purchased}. Please assist. {{product_id}}

This item is not currently for sale.

Please visit this item's page to see how it became available


Vault I've performed a factory reset on my {product_purchased}, hoping it would resolve the problem, but it didn't help.",Seek evidence book collection catch.,Medium,1
Product inquiry,Installation support,"I'm having an issue with the {product_purchased}. Please assist.

You may be a subscriber at no cost to get this service.

* You may download this item's content

* You may cancel this offer I've already contacted customer support multiple times, but the issue remains unresolved.",Seek evidence book collection catch.,High,1
Cancellation request,Refund request,"I'm having an issue with the {product_purchased}. Please assist. My computer, with the information from the sales manual can answer all questions and send out recommendations/suggestions to the customer. The only question I don't like being I've noticed a peculiar error message popping up on my {product_purchased} screen. It says '{error_message}'. What does it mean?",Seek evidence book collection catch.,Critical,4
Technical issue,Account access,"I'm having an issue with the {product_purchased}. Please assist. There is no refund for this product at this time. I've performed a factory reset on my {product_purchased}, hoping it would resolve the problem, but it didn't help.",Seek evidence book collection catch.,Critical,2
Product inquiry,Account access,"I'm having an issue with the {product_purchased}. Please assist. If you can't or don't see the product of the type you can't find elsewhere, this issue will be closed.

Product ID

product Name I've performed a factory reset on my {product_purchased}, hoping it would resolve the problem, but it didn't help.",Seek evidence book collection catch.,High,5
Product inquiry,Battery life,"I'm having trouble connecting my {product_purchased} to my home Wi-Fi network. It doesn't detect any networks, although other devices are connecting fine. What can be done to resolve this issue?

Solution

1 I've noticed a sudden decrease in battery life on my {product_purchased}. It used to last much longer.",Seek evidence book collection catch.,High,1
Billing inquiry,Cancellation request,"I'm having an issue with the {product_purchased}. Please assist. Sorry if this is a problem. Please use your normal tools, such as those you purchased directly from the store.

This is not a refund

Yes I've performed a factory reset on my {product_purchased}, hoping it would resolve the problem, but it didn't help.",Seek evidence book collection catch.,Critical,1
Billing inquiry,Software bug,"I'm unable to access my {product_purchased} account. It keeps displaying an 'Invalid Credentials' error, even though I'm using the correct login information. How can I regain access to my account?

There are This problem started occurring after the recent software update. I haven't made any other changes to the device.",Seek evidence book collection catch.,Critical,4
Product inquiry,Cancellation request,"I'm having an issue with the {product_purchased}. Please assist.

Product information is for illustrative purposes only. Actual product functionality may vary.

Product prices do not represent the actual cost of the product. I'm experiencing this issue on multiple devices of the same model, so it seems to be a widespread problem.",Seek evidence book collection catch.,Critical,2
Refund request,Installation support,"I'm having an issue with the {product_purchased}. Please assist..

. Please help me find the correct way to do the correct thing. Please, I am very frustrated by these issues. Please, make sure you are I need assistance as soon as possible because it's affecting my work and productivity.",Seek evidence book collection catch.,Medium,4
Technical issue,Product compatibility,"I'm having an issue with the {product_purchased}. Please assist. (If you use the device in a work area, you might have to use ""force to unpack items on the device while in the work areas."") Your app I've tried clearing the cache and data for the {product_purchased} app, but the issue persists.",Seek evidence book collection catch.,High,4
Refund request,Hardware issue,"I'm having an issue with the {product_purchased}. Please assist.

If you've already purchased an item, that items is still available through the retailer's website. For further information on how to find an item that was already This problem started occurring after the recent software update. I haven't made any other changes to the device.",Seek evidence book collection catch.,Medium,5
Product inquiry,Data loss,"I'm having an issue with the {product_purchased}. Please assist.

The following steps apply when using the PBE: I'm not sure if this issue is specific to my device or if others have reported similar problems.",Seek evidence book collection catch.,Medium,4
Cancellation request,Refund request,"I'm facing a problem with my {product_purchased}. The {product_purchased} is not turning on. It was working fine until yesterday, but now it doesn't respond. It's time to call up another software engineer I'm experiencing this issue on multiple devices of the same model, so it seems to be a widespread problem.",Seek evidence book collection catch.,Critical,1
Product inquiry,Cancellation request,"I'm having an issue with the {product_purchased}. Please assist.

Please provide feedback and see our products in our support channel at https://go.com/SCE-2.


Purchases from the Product I've followed the troubleshooting steps mentioned in the user manual, but the issue persists.",Seek evidence book collection catch.,Medium,1
Refund request,Payment issue,"I'm having an issue with the {product_purchased}. Please assist.


[10:17]


Well, thanks so much for making you comfortable now. It's been a while since I've taken your orders. I've already contacted customer support multiple times, but the issue remains unresolved.",Seek evidence book collection catch.,Medium,4
Product inquiry,Payment issue,"I'm having an issue with the {product_purchased}. Please assist.

Thanks for your patience! In the meantime you can check your e-mail, Google+ or Telegram.

Thanks for reading. I've checked for software updates, and my {product_purchased} is already running the latest version.",Seek evidence book collection catch.,High,5
Technical issue,Software bug,"I'm having an issue with the {product_purchased}. Please assist.

""

:

name

"" :

user_name

""

"" [name] ""

"" [name I'm experiencing this issue on multiple devices of the same model, so it seems to be a widespread problem.",Seek evidence book collection catch.,Critical,5
Refund request,Data loss,"I'm having an issue with the {product_purchased}. Please assist.

Product Description

This is a large black T.Rex that was painted over the top of a pile of wood.

Here's what you'll I'm worried that the issue might be hardware-related and might require repair or replacement.",Seek evidence book collection catch.,High,5
Cancellation request,Software bug,"I'm having an issue with the {product_purchased}. Please assist.

We're sorry, this product is out of stock! We'll contact you to see when we can stock it at your location. I'm concerned about the security of my {product_purchased} and would like to ensure that my data is safe.",Seek evidence book collection catch.,High,2
Cancellation request,Installation support,"I'm having an issue with the {product_purchased}. Please assist.

# # if!defined(SHIP_STORE_IN_SOCKET)

# let

# # # pch_buy I've checked for any available software updates for my {product_purchased}, but there are none.",Seek evidence book collection catch.,High,5
Cancellation request,Payment issue,"I'm having an issue with the {product_purchased}. Please assist. #g3h7lf0 @1e9e9b9 f2f6dbb8 <http://www.dropbox.com/ I've followed online tutorials and community forums to troubleshoot the issue, but no luck so far.",Seek evidence book collection catch.,Critical,1
Product inquiry,Network problem,"I'm having an issue with the {product_purchased}. Please assist.

2.5.2 This app requires JavaScript to be installed on your device.


The site uses cookies to provide you with custom features like navigation, I've checked for software updates, and my {product_purchased} is already running the latest version.",Seek evidence book collection catch.,Critical,5
Refund request,Product recommendation,"I'm unable to access my {product_purchased} account. It keeps displaying an 'Invalid Credentials' error, even though I'm using the correct login information. How can I regain access to my account?

How to I'm unable to find the option to perform the desired action in the {product_purchased}. Could you please guide me through the steps?",Seek evidence book collection catch.,High,4
Technical issue,Hardware issue,"I'm having an issue with the {product_purchased}. Please assist.

The first thing you need to do when upgrading a product is to update your repository.

git is a git remote that comes with everything you need to This problem started occurring after the recent software update. I haven't made any other changes to the device.",Seek evidence book collection catch.,Critical,5
Refund request,Peripheral compatibility,"I've accidentally deleted important data from my {product_purchased}. Is there any way to recover the deleted files? I need them urgently. When you log onto your account and see the log messages, is this just something you did once or I'm unable to find the option to perform the desired action in the {product_purchased}. Could you please guide me through the steps?",Seek evidence book collection catch.,High,1
Refund request,Network problem,"I'm having an issue with the {product_purchased}. Please assist.

This is an emergency product.

This product is incorrect.

Your purchase is not complete. Check your order information in the ""Contact Us"" I've tried clearing the cache and data for the {product_purchased} app, but the issue persists.",Seek evidence book collection catch.,Critical,5
Refund request,Product recommendation,"I'm having an issue with the {product_purchased}. Please assist.

[16:38] <mf2r-2> the whole site still is very much owned by the same people [16:39] < I've noticed a peculiar error message popping up on my {product_purchased} screen. It says '{error_message}'. What does it mean?",Seek evidence book collection catch.,High,3
Billing inquiry,Product compatibility,"I'm having an issue with the {product_purchased}. Please assist. I got a lot of inquiries, and now we can't figure out the right product for your family. I've been trying in vain to reach my company to be I've performed a factory reset on my {product_purchased}, hoping it would resolve the problem, but it didn't help.",Seek evidence book collection catch.,Critical,2
Product inquiry,Peripheral compatibility,"I'm having an issue with the {product_purchased}. Please assist.

To make changes to your shipping address, please make the following changes: <address_shorten>. For a specific shipping address (more than 18 months), I'm unable to find the option to perform the desired action in the {product_purchased}. Could you please guide me through the steps?",Seek evidence book collection catch.,Medium,1
Refund request,Product setup,"I'm having an issue with the {product_purchased}. Please assist.

- An ad-supported page has not been approved to work. Any additional ad-supported pages will be rejected.

4. When you add a I've checked for any available software updates for my {product_purchased}, but there are none.",Seek evidence book collection catch.,Critical,2
Technical issue,Installation support,"I'm having an issue with the {product_purchased}. Please assist.

I'm having an issue with the Product_Purchase. Please assist.

I'm having an issue with the Product_Purchase. Please assist. I've noticed a sudden decrease in battery life on my {product_purchased}. It used to last much longer.",Seek evidence book collection catch.,Medium,2
Cancellation request,Product setup,"There seems to be a glitch in the {product_purchased} software. It freezes frequently, making it difficult to use. Can you please provide a solution?

Thanks in advance,

Zoltan van Winkle I'm using the original charger that came with my {product_purchased}, but it's not charging properly.",Seek evidence book collection catch.,Medium,1
Billing inquiry,Payment issue,"I'm having an issue with the {product_purchased}. Please assist. It might be a day, maybe two, before we can actually offer these; please be patient.""

""No, we cannot,"" I said. ""I I'm unable to find the option to perform the desired action in the {product_purchased}. Could you please guide me through the steps?",Seek evidence book collection catch.,High,2
Product inquiry,Product setup,"I'm having an issue with the {product_purchased}. Please assist.

Click on the product name and select ""Add To Cart"".


Your Wish List is here I need assistance as soon as possible because it's affecting my work and productivity.",Seek evidence book collection catch.,Critical,2
Cancellation request,Installation support,"I'm having an issue with the {product_purchased}. Please assist. If not, please contact me.

Note that this product is not recommended for pregnant women whose pregnancies are likely to occur at or between the ages of 6 weeks I've followed online tutorials and community forums to troubleshoot the issue, but no luck so far.",Seek evidence book collection catch.,Medium,5
Technical issue,Cancellation request,"I'm having an issue with the {product_purchased}. Please assist.

You can set the price of the products you're purchasing by clicking here.

If the price on this page is under $16, your order will I've tried using different cables, adapters, or peripherals with my {product_purchased}, but the issue persists.",Seek evidence book collection catch.,Critical,5
Product inquiry,Product compatibility,"There seems to be a hardware problem with my {product_purchased}. The screen is flickering, and I'm unable to use it. What should I do?

I have two choices. I can use the keyboard, or I can I need assistance as soon as possible because it's affecting my work and productivity.",Seek evidence book collection catch.,Critical,3
Billing inquiry,Data loss,"I'm having an issue with the {product_purchased}. Please assist.

5. Please fill out the following form.

6. The name and contact information for the retailer must match the information on the package. I've noticed that the issue occurs consistently when I use a specific feature or application on my {product_purchased}.",Seek evidence book collection catch.,Critical,4
Cancellation request,Product compatibility,"I'm encountering a software bug in the {product_purchased}. Whenever I try to perform a specific action, the application crashes. Are there any updates or fixes available? A few years ago, we received something called the $10.0 I've checked the device settings and made sure that everything is configured correctly.",Seek evidence book collection catch.,Medium,1
Product inquiry,Product compatibility,"I'm having an issue with the {product_purchased}. Please assist.

[00:00:19] [Spigot Watchdog Thread/ERROR]: Error while reading $f in function'make':

[00 I need assistance as soon as possible because it's affecting my work and productivity.",Seek evidence book collection catch.,Critical,1
Refund request,Hardware issue,"I'm having an issue with the {product_purchased}. Please assist. Also, please send me the name and details of product you already purchased, as you did (my shipping info here).

The only way to ensure that the I've tried clearing the cache and data for the {product_purchased} app, but the issue persists.",Seek evidence book collection catch.,High,5
Cancellation request,Delivery problem,"I'm having an issue with the {product_purchased}. Please assist.

I didn't see another product I wanted from this store the other day with a bad price, so I contacted the seller and told them about my problem. I'm concerned about the security of my {product_purchased} and would like to ensure that my data is safe.",Seek evidence book collection catch.,High,3
Technical issue,Refund request,"I'm having an issue with the {product_purchased}. Please assist.

I'm having an issue with the {product_purchased}. Please assist. Please inform that the {product_purchased}. will be delivered I'm worried that the issue might be hardware-related and might require repair or replacement.",Seek evidence book collection catch.,Critical,3
Technical issue,Payment issue,"I'm having an issue with the {product_purchased}. Please assist.

Product Name : B-30B-SLS 1 3T 5.6Ghz (CAS #5C-4539-3-1 I've noticed a sudden decrease in battery life on my {product_purchased}. It used to last much longer.",Seek evidence book collection catch.,Medium,3
Refund request,Account access,"I've accidentally deleted important data from my {product_purchased}. Is there any way to recover the deleted files? I need them urgently. Can only make requests to my own servers for data on this one.

Is there a solution I'm experiencing this issue on multiple devices of the same model, so it seems to be a widespread problem.",Seek evidence book collection catch.,Medium,2
Refund request,Installation support,"I'm having an issue with the {product_purchased}. Please assist.

0 3/4/2016 17:57:11 0.0.0.1: Failed to download $1 in store. (1.0 I've reviewed the troubleshooting steps on the official support website, but they didn't resolve the problem.",Seek evidence book collection catch.,Medium,3
Refund request,Account access,"My {product_purchased} is making strange noises and not functioning properly. I suspect there might be a hardware issue. Can you please help me with this? Please use as much care and diligence as I can. Thanks,

I I'm using the original charger that came with my {product_purchased}, but it's not charging properly.",Seek evidence book collection catch.,Critical,2
Cancellation request,Product compatibility,"I'm having an issue with the {product_purchased}. Please assist.

Product: $6.49 / 10

Available in 2 colors, 2 colors only:

New

Pilot

A new feature I've noticed a peculiar error message popping up on my {product_purchased} screen. It says '{error_message}'. What does it mean?",Seek evidence book collection catch.,Medium,2
Billing inquiry,Installation support,I'm having an issue with the {product_purchased}. Please assist. </a> <cached_message></cached_message> </card> </object.properties> — This method is deprecated — it's not supported. I've noticed a peculiar error message popping up on my {product_purchased} screen. It says '{error_message}'. What does it mean?,Seek evidence book collection catch.,High,5
Technical issue,Refund request,I'm having an issue with the {product_purchased}. Please assist. #1: https://forum.gamefaqs.com/boards/266567-new-fifa-new-swim-games/613 I've noticed a peculiar error message popping up on my {product_purchased} screen. It says '{error_message}'. What does it mean?,Seek evidence book collection catch.,High,3
Product inquiry,Cancellation request,"The {product_purchased} is unable to establish a stable internet connection. It keeps disconnecting intermittently. How can I troubleshoot this network problem?

If your router has more than four IP addresses configured around your router, I've already contacted customer support multiple times, but the issue remains unresolved.",Seek evidence book collection catch.,Critical,5
Billing inquiry,Software bug,"There seems to be a hardware problem with my {product_purchased}. The screen is flickering, and I'm unable to use it. What should I do? This could mean that something is wrong, or the hardware needs to be changed. I'm using the original charger that came with my {product_purchased}, but it's not charging properly.",Seek evidence book collection catch.,High,1
Refund request,Battery life,"I've recently set up my {product_purchased}, but it fails to connect to any available networks. What steps should I take to troubleshoot this issue?

Try the following things:

Uninstall and reinstall the I've followed the troubleshooting steps mentioned in the user manual, but the issue persists.",Seek evidence book collection catch.,Medium,3
Billing inquiry,Payment issue,"I'm having an issue with the {product_purchased}. Please assist. Thanks! Thank you!

Rated 5 out of 5 by Anonymous from Awesome product Love this purchase! I've bought multiple different sizes of the same pair and have I've checked for any available software updates for my {product_purchased}, but there are none.",Seek evidence book collection catch.,Critical,1
Product inquiry,Installation support,"I'm having an issue with the {product_purchased}. Please assist.

C:\Windows\System32\mscms.dll

Driver Version: 14.17.0025.17 (English)

Driver Attributes I'm unable to find the option to perform the desired action in the {product_purchased}. Could you please guide me through the steps?",Seek evidence book collection catch.,Medium,2
Product inquiry,Battery life,"I've encountered a data loss issue with my {product_purchased}. All the files and documents seem to have disappeared. Can you guide me on how to retrieve them?

The best news is there are always some good backup services before I've checked for software updates, and my {product_purchased} is already running the latest version.",Seek evidence book collection catch.,Medium,4
Technical issue,Display issue,"I'm having an issue with the {product_purchased}. Please assist.

You received an email with the {product_purchased} Product ID and the {product_purchased} Product Name fields. Please assist. I'm using the original charger that came with my {product_purchased}, but it's not charging properly.",Seek evidence book collection catch.,Critical,2
Billing inquiry,Software bug,"I'm having an issue with the {product_purchased}. Please assist. I'm having an issue with the {product_purchased}. Please assist.

I'm having an issue with the {product_purchased}. I've performed a factory reset on my {product_purchased}, hoping it would resolve the problem, but it didn't help.",Seek evidence book collection catch.,High,4
Refund request,Payment issue,"I'm having an issue with the {product_purchased}. Please assist. Thank you for being active in my community.

User Info: MecheMeche MecheMeche 1 year ago #4 We also I've checked for software updates, and my {product_purchased} is already running the latest version.",Seek evidence book collection catch.,High,1
Refund request,Software bug,"I'm having an issue with the {product_purchased}. Please assist. The customer will have 30 days to correct the error. If this item fails you should contact the Customer Service Center where you can submit a refund. This refund will not I've tried troubleshooting steps mentioned in the user manual, but the issue persists.",Seek evidence book collection catch.,High,5
Billing inquiry,Installation support,"I'm having an issue with the {product_purchased}. Please assist.

Cordless Wireless and Bluetooth 2.0 / Bluetooth High Quality (also known as QRM or QBUN) are the two most expensive Bluetooth accessories I've recently updated the firmware of my {product_purchased}, and the issue started happening afterward. Could it be related to the update?",Seek evidence book collection catch.,Critical,2
Product inquiry,Product compatibility,"I'm having an issue with the {product_purchased}. Please assist.

Note: These items cannot be shipped to the United States, the District of Columbia, or Puerto Rico. Orders may be shipped by land, air, or I've performed a factory reset on my {product_purchased}, hoping it would resolve the problem, but it didn't help.",Seek evidence book collection catch.,High,2
Refund request,Product recommendation,"I'm having an issue with the {product_purchased}. Please assist.

The product_purchased.com account ID number is located on a hard drive in the same location as the name.

The product_p I've noticed a peculiar error message popping up on my {product_purchased} screen. It says '{error_message}'. What does it mean?",Seek evidence book collection catch.,High,5
Technical issue,Hardware issue,"I've noticed a software bug in the {product_purchased} app. It's causing data loss and unexpected errors. How can I resolve this issue?

1) Use https://github.com/Watson/QT, I've performed a factory reset on my {product_purchased}, hoping it would resolve the problem, but it didn't help.",Seek evidence book collection catch.,Medium,1
Billing inquiry,Display issue,"I'm having an issue with the {product_purchased}. Please assist. Please help! Thanks! I've followed online tutorials and community forums to troubleshoot the issue, but no luck so far.",Seek evidence book collection catch.,Critical,2
Technical issue,Refund request,"I'm unable to access my {product_purchased} account. It keeps displaying an 'Invalid Credentials' error, even though I'm using the correct login information. How can I regain access to my account? The following methods are I've checked for any available software updates for my {product_purchased}, but there are none.",Seek evidence book collection catch.,High,5
Cancellation request,Hardware issue,"I'm having an issue with the {product_purchased}. Please assist.

You must login to add comments. I'm unable to find the option to perform the desired action in the {product_purchased}. Could you please guide me through the steps?",Seek evidence book collection catch.,High,2
Technical issue,Account access,"I'm having an issue with the {product_purchased}. Please assist.

Please email {product_purchased} back to :

(The product_purchased_product is a private message)

For I've checked the device settings and made sure that everything is configured correctly.",Seek evidence book collection catch.,Critical,1
Billing inquiry,Refund request,"There seems to be a hardware problem with my {product_purchased}. The screen is flickering, and I'm unable to use it. What should I do?

$ sudo systemctl enable display-sync -A -A /usr I've noticed a sudden decrease in battery life on my {product_purchased}. It used to last much longer.",Seek evidence book collection catch.,Medium,1
Billing inquiry,Battery life,"I'm having an issue with the {product_purchased}. Please assist. Thanks. #{product_purchased} {1} We've received a message claiming to be from an individual here, but we are unable to confirm who I've already contacted customer support multiple times, but the issue remains unresolved.",Seek evidence book collection catch.,Critical,1
Technical issue,Account access,"I'm having an issue with the {product_purchased}. Please assist.

There is a long chain of complaints about this. It's very common as an Android distribution so the root user can run a command line application that displays the I've followed online tutorials and community forums to troubleshoot the issue, but no luck so far.",Seek evidence book collection catch.,Critical,3
Billing inquiry,Cancellation request,"I'm having an issue with the {product_purchased}. Please assist.

Thank You. I've tried using different cables, adapters, or peripherals with my {product_purchased}, but the issue persists.",Seek evidence book collection catch.,High,2
Cancellation request,Hardware issue,"There seems to be a hardware problem with my {product_purchased}. The screen is flickering, and I'm unable to use it. What should I do?


If this is a major issue, we've got to come up with I've checked for any available software updates for my {product_purchased}, but there are none.",Seek evidence book collection catch.,Medium,2
Product inquiry,Hardware issue,"I've noticed a software bug in the {product_purchased} app. It's causing data loss and unexpected errors. How can I resolve this issue?

There are three ways. Please try all your options before deciding to disable the This problem started occurring after the recent software update. I haven't made any other changes to the device.",Seek evidence book collection catch.,Critical,4
Cancellation request,Refund request,"I'm having an issue with the {product_purchased}. Please assist.

It does not work on devices where you can't find a single product in the cart. Please report it to [email protected] or email us at support I've reviewed the troubleshooting steps on the official support website, but they didn't resolve the problem.",Seek evidence book collection catch.,Critical,1
Refund request,Refund request,"I'm having an issue with the {product_purchased}. Please assist.

- ""Your brand is at risk.""

- ""I may not think what I'm trying to say was true, but my marketing strategy is to I've performed a factory reset on my {product_purchased}, hoping it would resolve the problem, but it didn't help.",Seek evidence book collection catch.,High,1
Product inquiry,Hardware issue,"I'm having an issue with the {product_purchased}. Please assist. I've received the message. Could not retrieve the information from the product purchase page. Please assist in accessing my information. If this is the case, please contact Customer I've noticed a peculiar error message popping up on my {product_purchased} screen. It says '{error_message}'. What does it mean?",Seek evidence book collection catch.,Critical,4
Refund request,Data loss,"There seems to be a glitch in the {product_purchased} software. It freezes frequently, making it difficult to use. Can you please provide a solution? Thanks :)

Thanks for your help, G.T @ xdram I'm concerned about the security of my {product_purchased} and would like to ensure that my data is safe.",Seek evidence book collection catch.,Medium,5
Billing inquiry,Network problem,"I'm having an issue with the {product_purchased}. Please assist. [25/12/2014, 11:18:10 PM] Remy: And I'm not asking for money to pay for the car. [25/12 This problem started occurring after the recent software update. I haven't made any other changes to the device.",Seek evidence book collection catch.,Critical,4
Billing inquiry,Account access,"I'm facing a problem with my {product_purchased}. The {product_purchased} is not turning on. It was working fine until yesterday, but now it doesn't respond. No update of the product.

The I'm using the original charger that came with my {product_purchased}, but it's not charging properly.",Seek evidence book collection catch.,High,4
Product inquiry,Delivery problem,"I'm having an issue with the {product_purchased}. Please assist.


<div>

<p><strong>No. Product Purchased: No


<strong>Price Paid: $9.99 I've followed online tutorials and community forums to troubleshoot the issue, but no luck so far.",Seek evidence book collection catch.,Critical,2
Billing inquiry,Payment issue,"I'm having an issue with the {product_purchased}. Please assist.

The '#refresh' setting was not found on this specific product. The product information is not currently available. Please check your product details before purchasing. I've noticed a sudden decrease in battery life on my {product_purchased}. It used to last much longer.",Seek evidence book collection catch.,Medium,5
Refund request,Account access,"I'm having an issue with the {product_purchased}. Please assist.

""The {product_purchased} is from an ad agency. We're not responsible for the item you bought without your consent, and we'll This problem started occurring after the recent software update. I haven't made any other changes to the device.",Seek evidence book collection catch.,Medium,3
Cancellation request,Product compatibility,"I'm having an issue with the {product_purchased}. Please assist.

{Product_Purchased_0}{Product_Purchased_1}{Product.AddToCart}

{Product_Purchase_1 This problem started occurring after the recent software update. I haven't made any other changes to the device.",Seek evidence book collection catch.,Critical,2
Cancellation request,Display issue,"I'm having an issue with the {product_purchased}. Please assist.

Your request will be honored.

(8) The information displayed in this newsletter is not intended for commercial purposes. If you send by mail any commercial I'm concerned about the security of my {product_purchased} and would like to ensure that my data is safe.",Seek evidence book collection catch.,Critical,4
Product inquiry,Installation support,"I'm having an issue with the {product_purchased}. Please assist.

If something doesn't work then try contacting us at info@cbc.ca or go to your local store.

If you're so inclined click I've followed the troubleshooting steps mentioned in the user manual, but the issue persists.",Seek evidence book collection catch.,High,2
Refund request,Peripheral compatibility,"I'm having an issue with the {product_purchased}. Please assist. I've reviewed the troubleshooting steps on the official support website, but they didn't resolve the problem.",Seek evidence book collection catch.,Medium,2
Refund request,Product compatibility,"I'm having an issue with the {product_purchased}. Please assist.

It seems from this screenshot that we can test the same feature with this:

$ curl https://gist.github.com/brianke I'm concerned about the security of my {product_purchased} and would like to ensure that my data is safe.",Seek evidence book collection catch.,Critical,4
Refund request,Product recommendation,"I'm having an issue with the {product_purchased}. Please assist. Please contact me.""

It's no secret that this has really caught the attention of the company that sold the OnePlus 2, but according to many reviewers at the I've reviewed the troubleshooting steps on the official support website, but they didn't resolve the problem.",Seek evidence book collection catch.,Critical,3
Cancellation request,Product compatibility,"I'm having an issue with the {product_purchased}. Please assist. I did manage to get a refund for my case of {product_ Moto 360 (R/U)}. And now you can get the deal. I apologize for I've already contacted customer support multiple times, but the issue remains unresolved.",Seek evidence book collection catch.,High,1
Cancellation request,Delivery problem,"I'm having an issue with the {product_purchased}. Please assist. Thanks!} @id_nol_david

14 4/22/2015 11:03:33 19-20 Female Straight Men 4 $200 I'm unable to find the option to perform the desired action in the {product_purchased}. Could you please guide me through the steps?",Seek evidence book collection catch.,High,1
Technical issue,Payment issue,I'm having an issue with the {product_purchased}. Please assist. - This can make this issue disappear after 3 days (due to the time limit) - I have a small number of items that I want to trade that I am I need assistance as soon as possible because it's affecting my work and productivity.,Seek evidence book collection catch.,High,1
Technical issue,Account access,"There seems to be a hardware problem with my {product_purchased}. The screen is flickering, and I'm unable to use it. What should I do? I was hoping that I could use it with Firefox and this isn't it. I've reviewed the troubleshooting steps on the official support website, but they didn't resolve the problem.",Seek evidence book collection catch.,High,4
Product inquiry,Display issue,"I'm having an issue with the {product_purchased}. Please assist. <http://www.giantalabaster.com/product/d5df3bb927e4f8acc6dc29a89 I've tried clearing the cache and data for the {product_purchased} app, but the issue persists.",Seek evidence book collection catch.,Medium,5
Refund request,Product recommendation,"I'm having an issue with the {product_purchased}. Please assist. Please help. We're not looking for a customer for the order, we are providing your service to get your order done. Your orders are not part of the product I've performed a factory reset on my {product_purchased}, hoping it would resolve the problem, but it didn't help.",Seek evidence book collection catch.,Medium,4
Billing inquiry,Payment issue,"I'm unable to access my {product_purchased} account. It keeps displaying an 'Invalid Credentials' error, even though I'm using the correct login information. How can I regain access to my account?

You can I've noticed a sudden decrease in battery life on my {product_purchased}. It used to last much longer.",Seek evidence book collection catch.,Critical,4
Product inquiry,Display issue,"I'm having an issue with the {product_purchased}. Please assist.

• If you have bought in the past to add:

– 1,000 coins (as of 1 October 2017)


Your current payment is I've recently updated the firmware of my {product_purchased}, and the issue started happening afterward. Could it be related to the update?",Seek evidence book collection catch.,High,3
Refund request,Product setup,"I'm having an issue with the {product_purchased}. Please assist.

If it's the product that you're looking for, please update the purchase.

We will make sure you update the order page or you will see I've tried troubleshooting steps mentioned in the user manual, but the issue persists.",Seek evidence book collection catch.,Medium,3
Technical issue,Refund request,I'm having an issue with the {product_purchased}. Please assist. This problem started occurring after the recent software update. I haven't made any other changes to the device.,Seek evidence book collection catch.,Medium,2
Refund request,Product recommendation,"I'm having an issue with the {product_purchased}. Please assist.

Please remove my previous orders from the site.

Please contact me with any further questions.

If you want to submit new orders via email I I've checked for software updates, and my {product_purchased} is already running the latest version.",Seek evidence book collection catch.,Critical,3
Product inquiry,Data loss,"I'm having an issue with the {product_purchased}. Please assist.

I'll be happy to answer any questions you may have. My apologies if my question is too narrow, please check out my site and see if you feel I need assistance as soon as possible because it's affecting my work and productivity.",Seek evidence book collection catch.,Critical,5
Refund request,Product setup,"I've encountered a data loss issue with my {product_purchased}. All the files and documents seem to have disappeared. Can you guide me on how to retrieve them? Thanks. I've followed the troubleshooting steps mentioned in the user manual, but the issue persists.",Seek evidence book collection catch.,Medium,1
Product inquiry,Product compatibility,"I'm having an issue with the {product_purchased}. Please assist. We're trying to help you understand.

It is important: As soon as you receive the item that you purchased, you must re-sell the new item The issue I'm facing is intermittent. Sometimes it works fine, but other times it acts up unexpectedly.",Seek evidence book collection catch.,Medium,4
Billing inquiry,Account access,"I'm having an issue with the {product_purchased}. Please assist.

* I can't make purchases for you on store credit cards! Please assist your credit counselor by contacting me directly! Use promo code CHARM to get a I've tried clearing the cache and data for the {product_purchased} app, but the issue persists.",Seek evidence book collection catch.,High,3
Refund request,Installation support,"I'm having an issue with the {product_purchased}. Please assist.

What's the reason for getting to this stage?

There isn't much progress in my game that I really want to get to since I don't I've checked the device settings and made sure that everything is configured correctly.",Seek evidence book collection catch.,Critical,3
Product inquiry,Product recommendation,"I'm having an issue with the {product_purchased}. Please assist. We all know how important it is that you share your money with us and we can help. I also know we have some questions. Please feel free to ask. I'm using the original charger that came with my {product_purchased}, but it's not charging properly.",Seek evidence book collection catch.,Medium,3
Refund request,Battery life,"I've accidentally deleted important data from my {product_purchased}. Is there any way to recover the deleted files? I need them urgently. I only did it after deleting an order on 7/7.

6.

8 I've followed online tutorials and community forums to troubleshoot the issue, but no luck so far.",Seek evidence book collection catch.,Critical,5
Product inquiry,Peripheral compatibility,"I'm having an issue with the {product_purchased}. Please assist. I will not be refunded for it.


You may receive additional services via payments processed by our online portal at www.shoezapark.com I've followed online tutorials and community forums to troubleshoot the issue, but no luck so far.",Seek evidence book collection catch.,High,4
Technical issue,Refund request,"I'm having an issue with the {product_purchased}. Please assist.

Please be patient and follow these steps:

Click ""Open Products"" and enter in your product's Price in the upper right corner and click the "" I've checked for any available software updates for my {product_purchased}, but there are none.",Seek evidence book collection catch.,Medium,3
Refund request,Product recommendation,"I'm having an issue with the {product_purchased}. Please assist.


Please don't email me, I'm missing. Email is required. If you need to make an app change of this app, contact me. I'm concerned about the security of my {product_purchased} and would like to ensure that my data is safe.",Seek evidence book collection catch.,High,5
Refund request,Hardware issue,"I'm having an issue with the {product_purchased}. Please assist.

We can send you a confirmation confirmation email and we will be happy to assist you. I've tried different settings and configurations on my {product_purchased}, but the issue persists.",Seek evidence book collection catch.,High,1
